{"cameraMode":{"drawMode":0,"name":"Shaded","section":"Shading Mode"},"sceneLighting":true,"audioPlay":false,"sceneViewState":{"showFog":true,"showMaterialUpdate":false,"showSkybox":false,"showFlares":true,"showImageEffects":true,"showParticleSystems":true},"in2DMode":false,"pivot":{"x":-43.86763381958008,"y":-14.986785888671875,"z":10.526739120483399},"rotation":{"x":-0.5895316004753113,"y":-0.2632075548171997,"z":0.21146880090236665,"w":-0.7337992787361145},"size":32.75202178955078,"orthographic":false}